454, Wellington Street, Birmingham, AL, 35209
79, Westport Ave., Bayside, NY, 11361
871, Newbridge Lane, La Porte, IN, 46350
9138, Greenview Dr., Westerville, OH, 43081
844, Walnutwood Court, Sheboygan, WI, 53081
36, South Mayfield Dr., King Of Prussia, PA, 19406
7295, N. Aspen Lane, Webster, NY, 14580
4, Windfall St., Sebastian, FL, 32958
28, Wood Street, Attleboro, MA, 02703
9919, Fairway Ave., Glen Ellyn, IL, 60137
287, NE. Rock Maple Street, Charlottesville, VA, 22901
20, Brickell St., Hartselle, AL, 35640
4, Beechwood St., Commack, NY, 11725
46, Cleveland Drive, Shelton, CT, 06484
335, Tunnel Street, Sheboygan, WI, 53081
758, South Magnolia Rd., Webster, NY, 14580
85C, Trout Ave., Traverse City, MI, 49684
8286, Glenlake Dr., Lindenhurst, NY, 11757
82, West Aspen Ave., Holland, MI, 49423
256, High Point St., Valparaiso, IN, 46383
29, Forest Ave., Mount Vernon, NY, 10550
594, E. Gonzales Court, North Canton, OH, 44720
9808, Lincoln Lane, Syosset, NY, 11791
84, Linda St., Belleville, NJ, 07109
9680, Bridge Ave., Philadelphia, PA, 19111
7942, N. Fairfield Dr., Beaver Falls, PA, 15010
471, Longfellow Lane, Douglasville, GA, 30134
2, Bald Hill Lane, Naples, FL, 34116
666, South Theatre St., Rolling Meadows, IL, 60008
95, Lake View Dr., Cheshire, CT, 06410
8594, West Lantern Street, Saratoga Springs, NY, 12866
228, Jones Ave., Muskego, WI, 53150
825, Catherine Ave., Whitehall, PA, 18052
9610, Helen Court, Bridgeport, CT, 06606
192, Wild Horse St., Burke, VA, 22015
56, Fordham Court, Durham, NC, 27703
483, Cactus Drive, Wenatchee, WA, 98801
8527, Branch St., Dorchester Center, MA, 02124
7, Courtland Dr., Branford, CT, 06405
126, Indian Spring Lane, South Bend, IN, 46614
791, Fulton St., Fairfield, CT, 06824
8269, North Ryan St., Battle Creek, MI, 49015
8291, Brandywine Ave., Copperas Cove, TX, 76522
7139, Rockwell Street, Emporia, KS, 66801
732, Pulaski St., Shakopee, MN, 55379
94, Rock Maple Dr., Sun City, AZ, 85351
750, East Lake Street, Clementon, NJ, 08021
600, Sunset Dr., West Palm Beach, FL, 33404
7037, N. South Ave., Chandler, AZ, 85224
9846, Kent Circle, Cleveland, TN, 37312
237, Rockwell Ave., Snellville, GA, 30039
38, Shore Street, Romulus, MI, 48174
83, Amerige Street, Chillicothe, OH, 45601
92, North Fulton Rd., Havertown, PA, 19083
278, South Airport Ave., Charlottesville, VA, 22901
7058, Mechanic Lane, Fairborn, OH, 45324
257, Glenlake Dr., Stratford, CT, 06614
8633, Hanover Street, Kernersville, NC, 27284
51, Longbranch Dr., Melbourne, FL, 32904
8402, Parker Lane, Rockville, MD, 20850
807, Swanson St., South Ozone Park, NY, 11420
498, Tunnel Ave., Old Bridge, NJ, 08857
520, E. Euclid Drive, Roanoke, VA, 24012
9556, East Crescent Rd., Southampton, PA, 18966
561, Hill Field Dr., Harrisburg, PA, 17109
36, Brewery St., Sicklerville, NJ, 08081
596, W. Manor Station Ave., Tuscaloosa, AL, 35405
92, Cemetery St., Fremont, OH, 43420
321, Wilson St., Ballston Spa, NY, 12020
483, Bellevue Dr., Santa Monica, CA, 90403
7326, S. Carriage Court, Worcester, MA, 01604
58, Glendale St., Maryville, TN, 37803
8500, South Dunbar Ave., Germantown, MD, 20874
7567, Hilldale Circle, North Augusta, SC, 29841
7019, Grant Lane, Acworth, GA, 30101
580, S. Catherine Ave., Billerica, MA, 01821
9633, Henry Smith Ave., South Portland, ME, 04106
774, Overlook St., Cary, NC, 27511
7099, Fairfield St., Framingham, MA, 01701
265, Mammoth St., Lenoir, NC, 28645
9607, Broad St., Annapolis, MD, 21401
11, Helen St., Rowlett, TX, 75088
18, Windfall St., Canonsburg, PA, 15317
876, Cherry Street, Asheboro, NC, 27205
566, Overlook St., Sumter, SC, 29150
9870, N. Stonybrook Lane, Natchez, MS, 39120
520, Sage Lane, Havertown, PA, 19083
641, Lawrence St., Strongsville, OH, 44136
8579, Wellington Drive, Olney, MD, 20832
47, West Edgefield Lane, Victoria, TX, 77904
8251, Green Lake Ave., Bensalem, PA, 19020
1, Aspen Road, Holyoke, MA, 01040
88, Pendergast Lane, Green Bay, WI, 54302
4, W. Tailwater Ave., Toms River, NJ, 08753
7437, S. Greystone Lane, Asbury Park, NJ, 07712
43, North Bear Hill Ave., Roy, UT, 84067
369, Peg Shop Dr., Stillwater, MN, 55082
46, Logan Drive, Joliet, IL, 60435
9015, Edgefield Court, Romeoville, IL, 60446
9209, Ridgewood Lane, Hanover, PA, 17331
