Jarrett,Gibbon
Landon,Gladstone
Melba,Lauffer
Jani,Alonso
Aurea,Shakespeare
Sha,Slay
Earlie,Folson
Omega,Proto
Lidia,Rutland
Ninfa,Sandage
Tandy,Armenta
Veda,Engler
Joey,Shumway
Cecilia,Begley
Tierra,Baynard
Phillis,Baxley
Alberta,Wrenn
Bernardo,Holiman
Jaleesa,Titcomb
Bridget,Jarrard
Karry,Caison
Antonia,Gross
Doyle,Witts
Angie,Riedl
Maire,Caruthers
Kristi,Winebarger
Suzan,Tarbell
Terina,Eurich
Maxima,Swinford
Xochitl,Fermin
Keva,Shoop
Cinderella,Mossey
Frederic,Shorter
Camie,Bushey
Malinda,Mally
Neomi,Cowgill
Carylon,Huffstutler
Floretta,Kardos
Geneva,Timlin
Gladys,Southard
Rick,Valerius
Kathe,Suzuki
Alda,Wene
Alisia,Strohmeyer
Lala,Higgs
Benedict,Walrath
Krissy,Seabrook
Lulu,Earle
Chester,Hixson
Adalberto,Mager
Randi,Pattee
Carmela,Varnum
Reggie,States
Vanetta,Batterton
Rubin,Zane
Hortencia,Lary
Norris,Hellard
Catherine,Dupuis
Mirian,Kyser
Erline,Kauppi
Lakeshia,Sheets
Mickie,Pilgrim
Jonell,Sommerfield
Laraine,Villela
Kristeen,Guimond
Terrie,Soucy
Casimira,Buis
Gerri,Baize
Gracie,Lowrey
Refugia,Peil
Lavette,Seybold
Maye,Murawski
Rosario,Robin
Willetta,Eskridge
Penelope,Everest
Mertie,Buechner
Genie,Bahr
Oscar,Kilman
Ashton,Nicholas
Bulah,Delucca
Sherilyn,Saba
Hien,Harner
Otilia,Kneip
Allegra,Cupps
Aurora,Primo
Irvin,Michaelson
Constance,Dobson
Melida,Carstensen
Shantae,Holsinger
Pansy,Lyke
Cira,Lango
Synthia,Urbanek
Regena,Ozment
Janeen,Hackett
Coleen,Stoehr
Sade,Troutt
Cherie,Acoff
Mark,Takacs
Colene,Thibeau
Kindra,Harling
